{"cameraMode":{"drawMode":0,"name":"Shaded","section":"Shading Mode"},"sceneLighting":true,"audioPlay":false,"sceneViewState":{"m_AlwaysRefresh":false,"showFog":true,"showSkybox":true,"showFlares":true,"showImageEffects":true,"showParticleSystems":true,"showVisualEffectGraphs":true,"m_FxEnabled":true},"in2DMode":false,"pivot":{"x":-3.4202709197998049,"y":2.0848655700683595,"z":1.3457450866699219},"rotation":{"x":0.17823702096939088,"y":0.250774621963501,"z":-0.047033362090587619,"w":0.9503316283226013},"size":11.101709365844727,"orthographic":false}